year,field,with_filing,null_rate
1997,assets,2331,0.0043
1998,assets,20578,0.0014
1999,assets,23402,0.0008
2000,assets,23019,0.0006
2001,assets,21254,0.0007
2002,assets,19597,0.0008
2003,assets,18742,0.0007
2004,assets,18533,0.0011
2005,assets,18458,0.0007
2006,assets,18230,0.0008
2007,assets,17932,0.0007
2008,assets,17415,0.0002
2009,assets,16648,0.0001
2010,assets,16185,0.0003
2011,assets,15692,0.0001
2012,assets,15328,0.0
2013,assets,15199,0.0003
2014,assets,15558,0.0001
2015,assets,15736,0.0001
2016,assets,15291,0.0
2017,assets,15030,0.0001
2018,assets,15016,0.0
2019,assets,14930,0.0
2020,assets,15165,0.0001
2021,assets,17636,0.0002
2022,assets,18399,0.0
2023,assets,17006,0.0
2024,assets,15716,0.0
2025,assets,15072,0.0
2026,assets,11375,0.0
1997,assetsc,2331,0.0871
1998,assetsc,20578,0.0733
1999,assetsc,23402,0.0705
2000,assetsc,23019,0.0666
2001,assetsc,21254,0.0662
2002,assetsc,19597,0.0663
2003,assetsc,18742,0.0666
2004,assetsc,18533,0.0678
2005,assetsc,18458,0.0696
2006,assetsc,18230,0.069
2007,assetsc,17932,0.0654
2008,assetsc,17415,0.0633
2009,assetsc,16648,0.0639
2010,assetsc,16185,0.0673
2011,assetsc,15692,0.0714
2012,assetsc,15328,0.0749
2013,assetsc,15199,0.0823
2014,assetsc,15558,0.0873
2015,assetsc,15736,0.0911
2016,assetsc,15291,0.092
2017,assetsc,15030,0.0945
2018,assetsc,15016,0.0951
2019,assetsc,14930,0.0943
2020,assetsc,15165,0.1013
2021,assetsc,17636,0.1135
2022,assetsc,18399,0.0784
2023,assetsc,17006,0.0745
2024,assetsc,15716,0.0802
2025,assetsc,15072,0.0857
2026,assetsc,11375,0.0841
1997,capex,2331,0.0446
1998,capex,20578,0.1497
1999,capex,23402,0.0297
2000,capex,23019,0.028
2001,capex,21254,0.0139
2002,capex,19597,0.0133
2003,capex,18742,0.0124
2004,capex,18533,0.0181
2005,capex,18458,0.0206
2006,capex,18230,0.0175
2007,capex,17932,0.0176
2008,capex,17415,0.0118
2009,capex,16648,0.009
2010,capex,16185,0.0144
2011,capex,15692,0.0134
2012,capex,15328,0.0149
2013,capex,15199,0.0195
2014,capex,15558,0.0233
2015,capex,15736,0.0188
2016,capex,15291,0.0158
2017,capex,15030,0.0188
2018,capex,15016,0.0223
2019,capex,14930,0.0177
2020,capex,15165,0.0208
2021,capex,17636,0.0432
2022,capex,18399,0.0245
2023,capex,17006,0.0078
2024,capex,15716,0.0092
2025,capex,15072,0.0144
2026,capex,11375,0.018
1997,cashneq,2331,0.0026
1998,cashneq,20578,0.0009
1999,cashneq,23402,0.0005
2000,cashneq,23019,0.0005
2001,cashneq,21254,0.0005
2002,cashneq,19597,0.0007
2003,cashneq,18742,0.0006
2004,cashneq,18533,0.0009
2005,cashneq,18458,0.0005
2006,cashneq,18230,0.0004
2007,cashneq,17932,0.0007
2008,cashneq,17415,0.0002
2009,cashneq,16648,0.0001
2010,cashneq,16185,0.0001
2011,cashneq,15692,0.0001
2012,cashneq,15328,0.0
2013,cashneq,15199,0.0003
2014,cashneq,15558,0.0001
2015,cashneq,15736,0.0001
2016,cashneq,15291,0.0
2017,cashneq,15030,0.0
2018,cashneq,15016,0.0
2019,cashneq,14930,0.0
2020,cashneq,15165,0.0001
2021,cashneq,17636,0.0002
2022,cashneq,18399,0.0
2023,cashneq,17006,0.0
2024,cashneq,15716,0.0
2025,cashneq,15072,0.0
2026,cashneq,11375,0.0
1997,cor,2331,0.0193
1998,cor,20578,0.1028
1999,cor,23402,0.0194
2000,cor,23019,0.0198
2001,cor,21254,0.0079
2002,cor,19597,0.009
2003,cor,18742,0.0091
2004,cor,18533,0.0142
2005,cor,18458,0.0154
2006,cor,18230,0.0129
2007,cor,17932,0.0136
2008,cor,17415,0.009
2009,cor,16648,0.0076
2010,cor,16185,0.0112
2011,cor,15692,0.0099
2012,cor,15328,0.0111
2013,cor,15199,0.0137
2014,cor,15558,0.0173
2015,cor,15736,0.0128
2016,cor,15291,0.0094
2017,cor,15030,0.0123
2018,cor,15016,0.0158
2019,cor,14930,0.0121
2020,cor,15165,0.0135
2021,cor,17636,0.0318
2022,cor,18399,0.0155
2023,cor,17006,0.0051
2024,cor,15716,0.0051
2025,cor,15072,0.0092
2026,cor,11375,0.0143
1997,debt,2331,0.0021
1998,debt,20578,0.0007
1999,debt,23402,0.0004
2000,debt,23019,0.0005
2001,debt,21254,0.0005
2002,debt,19597,0.0006
2003,debt,18742,0.0006
2004,debt,18533,0.0011
2005,debt,18458,0.0006
2006,debt,18230,0.0005
2007,debt,17932,0.0005
2008,debt,17415,0.0002
2009,debt,16648,0.0001
2010,debt,16185,0.0001
2011,debt,15692,0.0001
2012,debt,15328,0.0
2013,debt,15199,0.0003
2014,debt,15558,0.0001
2015,debt,15736,0.0001
2016,debt,15291,0.0
2017,debt,15030,0.0
2018,debt,15016,0.0
2019,debt,14930,0.0
2020,debt,15165,0.0001
2021,debt,17636,0.0002
2022,debt,18399,0.0
2023,debt,17006,0.0
2024,debt,15716,0.0
2025,debt,15072,0.0
2026,debt,11375,0.0
1997,depamor,2331,0.0459
1998,depamor,20578,0.15
1999,depamor,23402,0.0301
2000,depamor,23019,0.0281
2001,depamor,21254,0.014
2002,depamor,19597,0.0134
2003,depamor,18742,0.0124
2004,depamor,18533,0.018
2005,depamor,18458,0.0206
2006,depamor,18230,0.0176
2007,depamor,17932,0.0178
2008,depamor,17415,0.0121
2009,depamor,16648,0.0092
2010,depamor,16185,0.0146
2011,depamor,15692,0.0138
2012,depamor,15328,0.0151
2013,depamor,15199,0.0197
2014,depamor,15558,0.0235
2015,depamor,15736,0.0195
2016,depamor,15291,0.0167
2017,depamor,15030,0.019
2018,depamor,15016,0.0228
2019,depamor,14930,0.0181
2020,depamor,15165,0.0214
2021,depamor,17636,0.0438
2022,depamor,18399,0.0249
2023,depamor,17006,0.0082
2024,depamor,15716,0.0095
2025,depamor,15072,0.0144
2026,depamor,11375,0.0181
1997,ebit,2331,0.0202
1998,ebit,20578,0.1037
1999,ebit,23402,0.0197
2000,ebit,23019,0.0199
2001,ebit,21254,0.0079
2002,ebit,19597,0.0091
2003,ebit,18742,0.0091
2004,ebit,18533,0.0144
2005,ebit,18458,0.0154
2006,ebit,18230,0.0129
2007,ebit,17932,0.0137
2008,ebit,17415,0.009
2009,ebit,16648,0.0076
2010,ebit,16185,0.0112
2011,ebit,15692,0.01
2012,ebit,15328,0.0111
2013,ebit,15199,0.0137
2014,ebit,15558,0.0173
2015,ebit,15736,0.0128
2016,ebit,15291,0.0094
2017,ebit,15030,0.0123
2018,ebit,15016,0.0158
2019,ebit,14930,0.0121
2020,ebit,15165,0.0135
2021,ebit,17636,0.0318
2022,ebit,18399,0.0155
2023,ebit,17006,0.0051
2024,ebit,15716,0.0051
2025,ebit,15072,0.0092
2026,ebit,11375,0.0143
1997,ebitda,2331,0.0489
1998,ebitda,20578,0.1567
1999,ebitda,23402,0.0314
2000,ebitda,23019,0.0288
2001,ebitda,21254,0.0144
2002,ebitda,19597,0.014
2003,ebitda,18742,0.0128
2004,ebitda,18533,0.0188
2005,ebitda,18458,0.0213
2006,ebitda,18230,0.0184
2007,ebitda,17932,0.0185
2008,ebitda,17415,0.0124
2009,ebitda,16648,0.0096
2010,ebitda,16185,0.015
2011,ebitda,15692,0.0144
2012,ebitda,15328,0.0153
2013,ebitda,15199,0.0198
2014,ebitda,15558,0.0237
2015,ebitda,15736,0.0196
2016,ebitda,15291,0.0167
2017,ebitda,15030,0.0191
2018,ebitda,15016,0.0228
2019,ebitda,14930,0.0181
2020,ebitda,15165,0.0216
2021,ebitda,17636,0.0439
2022,ebitda,18399,0.026
2023,ebitda,17006,0.0082
2024,ebitda,15716,0.0095
2025,ebitda,15072,0.0147
2026,ebitda,11375,0.0183
1997,equity,2331,0.003
1998,equity,20578,0.0009
1999,equity,23402,0.0009
2000,equity,23019,0.0007
2001,equity,21254,0.0007
2002,equity,19597,0.0008
2003,equity,18742,0.0007
2004,equity,18533,0.0009
2005,equity,18458,0.0003
2006,equity,18230,0.0003
2007,equity,17932,0.0006
2008,equity,17415,0.0002
2009,equity,16648,0.0001
2010,equity,16185,0.0001
2011,equity,15692,0.0001
2012,equity,15328,0.0
2013,equity,15199,0.0003
2014,equity,15558,0.0001
2015,equity,15736,0.0001
2016,equity,15291,0.0
2017,equity,15030,0.0
2018,equity,15016,0.0
2019,equity,14930,0.0
2020,equity,15165,0.0001
2021,equity,17636,0.0002
2022,equity,18399,0.0
2023,equity,17006,0.0
2024,equity,15716,0.0
2025,equity,15072,0.0
2026,equity,11375,0.0
1997,fcf,2331,0.0476
1998,fcf,20578,0.1517
1999,fcf,23402,0.0312
2000,fcf,23019,0.0291
2001,fcf,21254,0.0144
2002,fcf,19597,0.0142
2003,fcf,18742,0.013
2004,fcf,18533,0.0183
2005,fcf,18458,0.0209
2006,fcf,18230,0.0177
2007,fcf,17932,0.0178
2008,fcf,17415,0.0119
2009,fcf,16648,0.0091
2010,fcf,16185,0.0145
2011,fcf,15692,0.0136
2012,fcf,15328,0.0149
2013,fcf,15199,0.0196
2014,fcf,15558,0.0233
2015,fcf,15736,0.0189
2016,fcf,15291,0.016
2017,fcf,15030,0.0188
2018,fcf,15016,0.0223
2019,fcf,14930,0.0177
2020,fcf,15165,0.021
2021,fcf,17636,0.0434
2022,fcf,18399,0.0247
2023,fcf,17006,0.0078
2024,fcf,15716,0.0092
2025,fcf,15072,0.0144
2026,fcf,11375,0.0181
1997,gp,2331,0.0193
1998,gp,20578,0.1029
1999,gp,23402,0.0194
2000,gp,23019,0.0198
2001,gp,21254,0.0079
2002,gp,19597,0.009
2003,gp,18742,0.0091
2004,gp,18533,0.0142
2005,gp,18458,0.0154
2006,gp,18230,0.0129
2007,gp,17932,0.0136
2008,gp,17415,0.009
2009,gp,16648,0.0076
2010,gp,16185,0.0112
2011,gp,15692,0.0099
2012,gp,15328,0.0111
2013,gp,15199,0.0137
2014,gp,15558,0.0173
2015,gp,15736,0.0128
2016,gp,15291,0.0094
2017,gp,15030,0.0123
2018,gp,15016,0.0158
2019,gp,14930,0.0121
2020,gp,15165,0.0135
2021,gp,17636,0.0318
2022,gp,18399,0.0155
2023,gp,17006,0.0051
2024,gp,15716,0.0051
2025,gp,15072,0.0092
2026,gp,11375,0.0143
1997,intangibles,2331,0.0039
1998,intangibles,20578,0.001
1999,intangibles,23402,0.0006
2000,intangibles,23019,0.0006
2001,intangibles,21254,0.0006
2002,intangibles,19597,0.0007
2003,intangibles,18742,0.0006
2004,intangibles,18533,0.0009
2005,intangibles,18458,0.0005
2006,intangibles,18230,0.0007
2007,intangibles,17932,0.0007
2008,intangibles,17415,0.0002
2009,intangibles,16648,0.0001
2010,intangibles,16185,0.0003
2011,intangibles,15692,0.0001
2012,intangibles,15328,0.0
2013,intangibles,15199,0.0003
2014,intangibles,15558,0.0001
2015,intangibles,15736,0.0001
2016,intangibles,15291,0.0
2017,intangibles,15030,0.0001
2018,intangibles,15016,0.0
2019,intangibles,14930,0.0
2020,intangibles,15165,0.0001
2021,intangibles,17636,0.0002
2022,intangibles,18399,0.0
2023,intangibles,17006,0.0
2024,intangibles,15716,0.0
2025,intangibles,15072,0.0
2026,intangibles,11375,0.0
1997,intexp,2331,0.0193
1998,intexp,20578,0.1031
1999,intexp,23402,0.0194
2000,intexp,23019,0.0198
2001,intexp,21254,0.0079
2002,intexp,19597,0.0091
2003,intexp,18742,0.0091
2004,intexp,18533,0.0142
2005,intexp,18458,0.0154
2006,intexp,18230,0.0128
2007,intexp,17932,0.0137
2008,intexp,17415,0.009
2009,intexp,16648,0.0076
2010,intexp,16185,0.0112
2011,intexp,15692,0.0099
2012,intexp,15328,0.0111
2013,intexp,15199,0.0137
2014,intexp,15558,0.0173
2015,intexp,15736,0.0128
2016,intexp,15291,0.0094
2017,intexp,15030,0.0123
2018,intexp,15016,0.0158
2019,intexp,14930,0.0121
2020,intexp,15165,0.0135
2021,intexp,17636,0.0318
2022,intexp,18399,0.0155
2023,intexp,17006,0.0051
2024,intexp,15716,0.0051
2025,intexp,15072,0.0092
2026,intexp,11375,0.0143
1997,inventory,2331,0.003
1998,inventory,20578,0.001
1999,inventory,23402,0.0006
2000,inventory,23019,0.0005
2001,inventory,21254,0.0004
2002,inventory,19597,0.0006
2003,inventory,18742,0.0006
2004,inventory,18533,0.0009
2005,inventory,18458,0.0005
2006,inventory,18230,0.0007
2007,inventory,17932,0.0007
2008,inventory,17415,0.0002
2009,inventory,16648,0.0001
2010,inventory,16185,0.0003
2011,inventory,15692,0.0001
2012,inventory,15328,0.0
2013,inventory,15199,0.0003
2014,inventory,15558,0.0001
2015,inventory,15736,0.0001
2016,inventory,15291,0.0
2017,inventory,15030,0.0001
2018,inventory,15016,0.0
2019,inventory,14930,0.0
2020,inventory,15165,0.0001
2021,inventory,17636,0.0002
2022,inventory,18399,0.0
2023,inventory,17006,0.0
2024,inventory,15716,0.0
2025,inventory,15072,0.0
2026,inventory,11375,0.0
1997,liabilities,2331,0.0039
1998,liabilities,20578,0.0011
1999,liabilities,23402,0.001
2000,liabilities,23019,0.0008
2001,liabilities,21254,0.0007
2002,liabilities,19597,0.0009
2003,liabilities,18742,0.0009
2004,liabilities,18533,0.0012
2005,liabilities,18458,0.0006
2006,liabilities,18230,0.0005
2007,liabilities,17932,0.0006
2008,liabilities,17415,0.0002
2009,liabilities,16648,0.0001
2010,liabilities,16185,0.0001
2011,liabilities,15692,0.0001
2012,liabilities,15328,0.0
2013,liabilities,15199,0.0003
2014,liabilities,15558,0.0001
2015,liabilities,15736,0.0001
2016,liabilities,15291,0.0
2017,liabilities,15030,0.0
2018,liabilities,15016,0.0
2019,liabilities,14930,0.0
2020,liabilities,15165,0.0001
2021,liabilities,17636,0.0002
2022,liabilities,18399,0.0
2023,liabilities,17006,0.0
2024,liabilities,15716,0.0
2025,liabilities,15072,0.0
2026,liabilities,11375,0.0
1997,liabilitiesc,2331,0.0931
1998,liabilitiesc,20578,0.0777
1999,liabilitiesc,23402,0.0753
2000,liabilitiesc,23019,0.0715
2001,liabilitiesc,21254,0.0696
2002,liabilitiesc,19597,0.0688
2003,liabilitiesc,18742,0.069
2004,liabilitiesc,18533,0.07
2005,liabilitiesc,18458,0.0721
2006,liabilitiesc,18230,0.0715
2007,liabilitiesc,17932,0.0671
2008,liabilitiesc,17415,0.065
2009,liabilitiesc,16648,0.066
2010,liabilitiesc,16185,0.0699
2011,liabilitiesc,15692,0.0734
2012,liabilitiesc,15328,0.0767
2013,liabilitiesc,15199,0.0841
2014,liabilitiesc,15558,0.0883
2015,liabilitiesc,15736,0.092
2016,liabilitiesc,15291,0.0938
2017,liabilitiesc,15030,0.0942
2018,liabilitiesc,15016,0.0941
2019,liabilitiesc,14930,0.0908
2020,liabilitiesc,15165,0.0897
2021,liabilitiesc,17636,0.084
2022,liabilitiesc,18399,0.0732
2023,liabilitiesc,17006,0.0747
2024,liabilitiesc,15716,0.078
2025,liabilitiesc,15072,0.0806
2026,liabilitiesc,11375,0.0776
1997,ncfcommon,2331,0.0463
1998,ncfcommon,20578,0.15
1999,ncfcommon,23402,0.0298
2000,ncfcommon,23019,0.0284
2001,ncfcommon,21254,0.0141
2002,ncfcommon,19597,0.0134
2003,ncfcommon,18742,0.0126
2004,ncfcommon,18533,0.0182
2005,ncfcommon,18458,0.0207
2006,ncfcommon,18230,0.0176
2007,ncfcommon,17932,0.0175
2008,ncfcommon,17415,0.0118
2009,ncfcommon,16648,0.0092
2010,ncfcommon,16185,0.0146
2011,ncfcommon,15692,0.0134
2012,ncfcommon,15328,0.0149
2013,ncfcommon,15199,0.0199
2014,ncfcommon,15558,0.0238
2015,ncfcommon,15736,0.0197
2016,ncfcommon,15291,0.0164
2017,ncfcommon,15030,0.0192
2018,ncfcommon,15016,0.023
2019,ncfcommon,14930,0.0187
2020,ncfcommon,15165,0.0216
2021,ncfcommon,17636,0.0437
2022,ncfcommon,18399,0.0251
2023,ncfcommon,17006,0.0088
2024,ncfcommon,15716,0.0098
2025,ncfcommon,15072,0.0145
2026,ncfcommon,11375,0.0181
1997,ncfdebt,2331,0.0463
1998,ncfdebt,20578,0.15
1999,ncfdebt,23402,0.0297
2000,ncfdebt,23019,0.0282
2001,ncfdebt,21254,0.014
2002,ncfdebt,19597,0.0134
2003,ncfdebt,18742,0.0124
2004,ncfdebt,18533,0.0182
2005,ncfdebt,18458,0.0207
2006,ncfdebt,18230,0.0176
2007,ncfdebt,17932,0.0175
2008,ncfdebt,17415,0.0118
2009,ncfdebt,16648,0.009
2010,ncfdebt,16185,0.0145
2011,ncfdebt,15692,0.014
2012,ncfdebt,15328,0.0154
2013,ncfdebt,15199,0.0198
2014,ncfdebt,15558,0.0236
2015,ncfdebt,15736,0.0197
2016,ncfdebt,15291,0.0173
2017,ncfdebt,15030,0.0204
2018,ncfdebt,15016,0.025
2019,ncfdebt,14930,0.0193
2020,ncfdebt,15165,0.0214
2021,ncfdebt,17636,0.0438
2022,ncfdebt,18399,0.0254
2023,ncfdebt,17006,0.0085
2024,ncfdebt,15716,0.0099
2025,ncfdebt,15072,0.0148
2026,ncfdebt,11375,0.0185
1997,ncfdiv,2331,0.0463
1998,ncfdiv,20578,0.1502
1999,ncfdiv,23402,0.0299
2000,ncfdiv,23019,0.0284
2001,ncfdiv,21254,0.0142
2002,ncfdiv,19597,0.0136
2003,ncfdiv,18742,0.0128
2004,ncfdiv,18533,0.0182
2005,ncfdiv,18458,0.0207
2006,ncfdiv,18230,0.0176
2007,ncfdiv,17932,0.0177
2008,ncfdiv,17415,0.0125
2009,ncfdiv,16648,0.0094
2010,ncfdiv,16185,0.015
2011,ncfdiv,15692,0.015
2012,ncfdiv,15328,0.0164
2013,ncfdiv,15199,0.0211
2014,ncfdiv,15558,0.0251
2015,ncfdiv,15736,0.0218
2016,ncfdiv,15291,0.0196
2017,ncfdiv,15030,0.0226
2018,ncfdiv,15016,0.027
2019,ncfdiv,14930,0.0234
2020,ncfdiv,15165,0.0258
2021,ncfdiv,17636,0.0477
2022,ncfdiv,18399,0.0289
2023,ncfdiv,17006,0.0115
2024,ncfdiv,15716,0.012
2025,ncfdiv,15072,0.0157
2026,ncfdiv,11375,0.0192
1997,ncfo,2331,0.0476
1998,ncfo,20578,0.1513
1999,ncfo,23402,0.0309
2000,ncfo,23019,0.029
2001,ncfo,21254,0.0143
2002,ncfo,19597,0.0141
2003,ncfo,18742,0.0129
2004,ncfo,18533,0.0182
2005,ncfo,18458,0.0207
2006,ncfo,18230,0.0177
2007,ncfo,17932,0.0178
2008,ncfo,17415,0.0119
2009,ncfo,16648,0.0091
2010,ncfo,16185,0.0145
2011,ncfo,15692,0.0136
2012,ncfo,15328,0.0149
2013,ncfo,15199,0.0196
2014,ncfo,15558,0.0233
2015,ncfo,15736,0.0189
2016,ncfo,15291,0.016
2017,ncfo,15030,0.0187
2018,ncfo,15016,0.0223
2019,ncfo,14930,0.0177
2020,ncfo,15165,0.0209
2021,ncfo,17636,0.0433
2022,ncfo,18399,0.0245
2023,ncfo,17006,0.0078
2024,ncfo,15716,0.0092
2025,ncfo,15072,0.0144
2026,ncfo,11375,0.0181
1997,netinc,2331,0.0202
1998,netinc,20578,0.1037
1999,netinc,23402,0.0197
2000,netinc,23019,0.0199
2001,netinc,21254,0.0079
2002,netinc,19597,0.0091
2003,netinc,18742,0.0091
2004,netinc,18533,0.0144
2005,netinc,18458,0.0154
2006,netinc,18230,0.0129
2007,netinc,17932,0.0137
2008,netinc,17415,0.009
2009,netinc,16648,0.0076
2010,netinc,16185,0.0112
2011,netinc,15692,0.01
2012,netinc,15328,0.0111
2013,netinc,15199,0.0137
2014,netinc,15558,0.0173
2015,netinc,15736,0.0128
2016,netinc,15291,0.0094
2017,netinc,15030,0.0123
2018,netinc,15016,0.0158
2019,netinc,14930,0.0121
2020,netinc,15165,0.0135
2021,netinc,17636,0.0318
2022,netinc,18399,0.0155
2023,netinc,17006,0.0051
2024,netinc,15716,0.0051
2025,netinc,15072,0.0092
2026,netinc,11375,0.0143
1997,payables,2331,0.0017
1998,payables,20578,0.0006
1999,payables,23402,0.0004
2000,payables,23019,0.0005
2001,payables,21254,0.0005
2002,payables,19597,0.0006
2003,payables,18742,0.0006
2004,payables,18533,0.0011
2005,payables,18458,0.0006
2006,payables,18230,0.0005
2007,payables,17932,0.0005
2008,payables,17415,0.0002
2009,payables,16648,0.0001
2010,payables,16185,0.0001
2011,payables,15692,0.0001
2012,payables,15328,0.0
2013,payables,15199,0.0003
2014,payables,15558,0.0001
2015,payables,15736,0.0001
2016,payables,15291,0.0
2017,payables,15030,0.0
2018,payables,15016,0.0
2019,payables,14930,0.0
2020,payables,15165,0.0001
2021,payables,17636,0.0002
2022,payables,18399,0.0
2023,payables,17006,0.0
2024,payables,15716,0.0
2025,payables,15072,0.0
2026,payables,11375,0.0
1997,ppnenet,2331,0.0026
1998,ppnenet,20578,0.001
1999,ppnenet,23402,0.0005
2000,ppnenet,23019,0.0005
2001,ppnenet,21254,0.0005
2002,ppnenet,19597,0.0007
2003,ppnenet,18742,0.0006
2004,ppnenet,18533,0.0009
2005,ppnenet,18458,0.0005
2006,ppnenet,18230,0.0007
2007,ppnenet,17932,0.0007
2008,ppnenet,17415,0.0002
2009,ppnenet,16648,0.0001
2010,ppnenet,16185,0.0003
2011,ppnenet,15692,0.0001
2012,ppnenet,15328,0.0
2013,ppnenet,15199,0.0003
2014,ppnenet,15558,0.0001
2015,ppnenet,15736,0.0001
2016,ppnenet,15291,0.0
2017,ppnenet,15030,0.0001
2018,ppnenet,15016,0.0
2019,ppnenet,14930,0.0
2020,ppnenet,15165,0.0001
2021,ppnenet,17636,0.0002
2022,ppnenet,18399,0.0
2023,ppnenet,17006,0.0
2024,ppnenet,15716,0.0
2025,ppnenet,15072,0.0
2026,ppnenet,11375,0.0
1997,receivables,2331,0.0026
1998,receivables,20578,0.0009
1999,receivables,23402,0.0005
2000,receivables,23019,0.0005
2001,receivables,21254,0.0006
2002,receivables,19597,0.0007
2003,receivables,18742,0.0006
2004,receivables,18533,0.0009
2005,receivables,18458,0.0005
2006,receivables,18230,0.0007
2007,receivables,17932,0.0006
2008,receivables,17415,0.0002
2009,receivables,16648,0.0001
2010,receivables,16185,0.0003
2011,receivables,15692,0.0001
2012,receivables,15328,0.0
2013,receivables,15199,0.0003
2014,receivables,15558,0.0001
2015,receivables,15736,0.0001
2016,receivables,15291,0.0
2017,receivables,15030,0.0001
2018,receivables,15016,0.0
2019,receivables,14930,0.0
2020,receivables,15165,0.0001
2021,receivables,17636,0.0002
2022,receivables,18399,0.0
2023,receivables,17006,0.0
2024,receivables,15716,0.0
2025,receivables,15072,0.0
2026,receivables,11375,0.0
1997,retearn,2331,0.0712
1998,retearn,20578,0.051
1999,retearn,23402,0.0471
2000,retearn,23019,0.0441
2001,retearn,21254,0.0455
2002,retearn,19597,0.0449
2003,retearn,18742,0.0438
2004,retearn,18533,0.0419
2005,retearn,18458,0.0427
2006,retearn,18230,0.0418
2007,retearn,17932,0.0425
2008,retearn,17415,0.0416
2009,retearn,16648,0.0422
2010,retearn,16185,0.0399
2011,retearn,15692,0.0403
2012,retearn,15328,0.0423
2013,retearn,15199,0.0464
2014,retearn,15558,0.0495
2015,retearn,15736,0.0484
2016,retearn,15291,0.0453
2017,retearn,15030,0.0432
2018,retearn,15016,0.04
2019,retearn,14930,0.0343
2020,retearn,15165,0.0298
2021,retearn,17636,0.0244
2022,retearn,18399,0.0211
2023,retearn,17006,0.0206
2024,retearn,15716,0.02
2025,retearn,15072,0.0185
2026,retearn,11375,0.0186
1997,revenue,2331,0.0193
1998,revenue,20578,0.1029
1999,revenue,23402,0.0194
2000,revenue,23019,0.0198
2001,revenue,21254,0.0079
2002,revenue,19597,0.009
2003,revenue,18742,0.0091
2004,revenue,18533,0.0142
2005,revenue,18458,0.0154
2006,revenue,18230,0.0129
2007,revenue,17932,0.0136
2008,revenue,17415,0.009
2009,revenue,16648,0.0076
2010,revenue,16185,0.0112
2011,revenue,15692,0.0099
2012,revenue,15328,0.0111
2013,revenue,15199,0.0137
2014,revenue,15558,0.0173
2015,revenue,15736,0.0128
2016,revenue,15291,0.0094
2017,revenue,15030,0.0123
2018,revenue,15016,0.0158
2019,revenue,14930,0.0121
2020,revenue,15165,0.0135
2021,revenue,17636,0.0318
2022,revenue,18399,0.0155
2023,revenue,17006,0.0051
2024,revenue,15716,0.0051
2025,revenue,15072,0.0092
2026,revenue,11375,0.0143
1997,rnd,2331,0.0202
1998,rnd,20578,0.1033
1999,rnd,23402,0.0197
2000,rnd,23019,0.0199
2001,rnd,21254,0.0079
2002,rnd,19597,0.009
2003,rnd,18742,0.0091
2004,rnd,18533,0.0143
2005,rnd,18458,0.0154
2006,rnd,18230,0.0129
2007,rnd,17932,0.0137
2008,rnd,17415,0.009
2009,rnd,16648,0.0076
2010,rnd,16185,0.0112
2011,rnd,15692,0.01
2012,rnd,15328,0.0111
2013,rnd,15199,0.0137
2014,rnd,15558,0.0173
2015,rnd,15736,0.0128
2016,rnd,15291,0.0094
2017,rnd,15030,0.0123
2018,rnd,15016,0.0158
2019,rnd,14930,0.0121
2020,rnd,15165,0.0135
2021,rnd,17636,0.0318
2022,rnd,18399,0.0155
2023,rnd,17006,0.0051
2024,rnd,15716,0.0051
2025,rnd,15072,0.0092
2026,rnd,11375,0.0143
1997,sgna,2331,0.0193
1998,sgna,20578,0.1029
1999,sgna,23402,0.0194
2000,sgna,23019,0.0198
2001,sgna,21254,0.0079
2002,sgna,19597,0.009
2003,sgna,18742,0.0091
2004,sgna,18533,0.0142
2005,sgna,18458,0.0154
2006,sgna,18230,0.0128
2007,sgna,17932,0.0136
2008,sgna,17415,0.009
2009,sgna,16648,0.0076
2010,sgna,16185,0.0112
2011,sgna,15692,0.0099
2012,sgna,15328,0.0111
2013,sgna,15199,0.0137
2014,sgna,15558,0.0173
2015,sgna,15736,0.0128
2016,sgna,15291,0.0094
2017,sgna,15030,0.0123
2018,sgna,15016,0.0158
2019,sgna,14930,0.0121
2020,sgna,15165,0.0135
2021,sgna,17636,0.0318
2022,sgna,18399,0.0155
2023,sgna,17006,0.0051
2024,sgna,15716,0.0051
2025,sgna,15072,0.0092
2026,sgna,11375,0.0143
1997,sharefactor,2331,0.0
1998,sharefactor,20578,0.0
1999,sharefactor,23402,0.0
2000,sharefactor,23019,0.0
2001,sharefactor,21254,0.0
2002,sharefactor,19597,0.0
2003,sharefactor,18742,0.0
2004,sharefactor,18533,0.0
2005,sharefactor,18458,0.0
2006,sharefactor,18230,0.0
2007,sharefactor,17932,0.0
2008,sharefactor,17415,0.0
2009,sharefactor,16648,0.0
2010,sharefactor,16185,0.0
2011,sharefactor,15692,0.0
2012,sharefactor,15328,0.0
2013,sharefactor,15199,0.0
2014,sharefactor,15558,0.0
2015,sharefactor,15736,0.0
2016,sharefactor,15291,0.0
2017,sharefactor,15030,0.0
2018,sharefactor,15016,0.0
2019,sharefactor,14930,0.0
2020,sharefactor,15165,0.0
2021,sharefactor,17636,0.0
2022,sharefactor,18399,0.0
2023,sharefactor,17006,0.0
2024,sharefactor,15716,0.0
2025,sharefactor,15072,0.0
2026,sharefactor,11375,0.0
1997,sharesbas,2331,0.0
1998,sharesbas,20578,0.0041
1999,sharesbas,23402,0.0014
2000,sharesbas,23019,0.0014
2001,sharesbas,21254,0.0002
2002,sharesbas,19597,0.0004
2003,sharesbas,18742,0.0003
2004,sharesbas,18533,0.0003
2005,sharesbas,18458,0.0004
2006,sharesbas,18230,0.0003
2007,sharesbas,17932,0.0003
2008,sharesbas,17415,0.0002
2009,sharesbas,16648,0.0
2010,sharesbas,16185,0.0001
2011,sharesbas,15692,0.0002
2012,sharesbas,15328,0.0002
2013,sharesbas,15199,0.0003
2014,sharesbas,15558,0.0001
2015,sharesbas,15736,0.0002
2016,sharesbas,15291,0.0002
2017,sharesbas,15030,0.0001
2018,sharesbas,15016,0.0
2019,sharesbas,14930,0.0001
2020,sharesbas,15165,0.0
2021,sharesbas,17636,0.0
2022,sharesbas,18399,0.0
2023,sharesbas,17006,0.0
2024,sharesbas,15716,0.0
2025,sharesbas,15072,0.0001
2026,sharesbas,11375,0.0002
1997,taxexp,2331,0.0202
1998,taxexp,20578,0.1033
1999,taxexp,23402,0.0194
2000,taxexp,23019,0.0199
2001,taxexp,21254,0.0079
2002,taxexp,19597,0.0091
2003,taxexp,18742,0.0091
2004,taxexp,18533,0.0142
2005,taxexp,18458,0.0154
2006,taxexp,18230,0.0129
2007,taxexp,17932,0.0137
2008,taxexp,17415,0.009
2009,taxexp,16648,0.0076
2010,taxexp,16185,0.0112
2011,taxexp,15692,0.0099
2012,taxexp,15328,0.0111
2013,taxexp,15199,0.0137
2014,taxexp,15558,0.0173
2015,taxexp,15736,0.0128
2016,taxexp,15291,0.0094
2017,taxexp,15030,0.0123
2018,taxexp,15016,0.0158
2019,taxexp,14930,0.0121
2020,taxexp,15165,0.0135
2021,taxexp,17636,0.0318
2022,taxexp,18399,0.0155
2023,taxexp,17006,0.0051
2024,taxexp,15716,0.0051
2025,taxexp,15072,0.0092
2026,taxexp,11375,0.0143
1997,workingcapital,2331,0.0952
1998,workingcapital,20578,0.0795
1999,workingcapital,23402,0.0761
2000,workingcapital,23019,0.0721
2001,workingcapital,21254,0.0703
2002,workingcapital,19597,0.0697
2003,workingcapital,18742,0.0702
2004,workingcapital,18533,0.071
2005,workingcapital,18458,0.0729
2006,workingcapital,18230,0.0724
2007,workingcapital,17932,0.0681
2008,workingcapital,17415,0.0655
2009,workingcapital,16648,0.0662
2010,workingcapital,16185,0.0703
2011,workingcapital,15692,0.0736
2012,workingcapital,15328,0.0768
2013,workingcapital,15199,0.0844
2014,workingcapital,15558,0.0887
2015,workingcapital,15736,0.093
2016,workingcapital,15291,0.0941
2017,workingcapital,15030,0.0962
2018,workingcapital,15016,0.0964
2019,workingcapital,14930,0.0953
2020,workingcapital,15165,0.103
2021,workingcapital,17636,0.1199
2022,workingcapital,18399,0.0823
2023,workingcapital,17006,0.0761
2024,workingcapital,15716,0.081
2025,workingcapital,15072,0.0865
2026,workingcapital,11375,0.085
